video_id,account,publish_date,publish_time,topic_category,topic_angle,format,hook_text,hook_model,duration_seconds,word_count,views,retention_5s,completion_rate,like_count,comment_count,share_count,favorite_count,like_rate,share_rate,performance_tier,pillars_used,is_repeat,has_script,script_text,video_url,video_title,is_hidden,notes
758,视频号小分队,2025-11-22,,—,—,—,,—,,,1266,,,5,1,3,,0.39,0.24,D,,FALSE,FALSE,,,,,涨粉:5; 无脚本无标题，分类需人工补充
759,视频号小分队,2025-11-21,,—,—,—,,—,,,1280,,,7,0,7,,0.55,0.55,D,,FALSE,FALSE,,,,,涨粉:2; 无脚本无标题，分类需人工补充
760,视频号小分队,2025-11-20,,—,—,—,,—,,,1228,,,2,0,9,,0.16,0.73,D,,FALSE,FALSE,,,,,涨粉:2; 无脚本无标题，分类需人工补充
761,视频号小分队,2025-11-19,,—,—,—,,—,,,1937,,,17,2,6,,0.88,0.31,D,,FALSE,FALSE,,,,,涨粉:6; 无脚本无标题，分类需人工补充
762,视频号小分队,2025-11-18,,—,—,—,,—,,,1599,,,2,0,13,,0.13,0.81,D,,FALSE,FALSE,,,,,涨粉:2; 无脚本无标题，分类需人工补充
763,视频号小分队,2025-11-17,,—,—,—,,—,,,1612,,,4,0,8,,0.25,0.5,D,,FALSE,FALSE,,,,,涨粉:5; 无脚本无标题，分类需人工补充
764,视频号小分队,2025-11-16,,—,—,—,,—,,,1643,,,3,1,10,,0.18,0.61,D,,FALSE,FALSE,,,,,涨粉:1; 无脚本无标题，分类需人工补充
765,视频号小分队,2025-11-15,,—,—,—,,—,,,3245,,,13,1,6,,0.4,0.18,D,,FALSE,FALSE,,,,,涨粉:3; 无脚本无标题，分类需人工补充
766,视频号小分队,2025-11-14,,—,—,—,,—,,,9912,,,35,7,43,,0.35,0.43,D,,FALSE,FALSE,,,,,涨粉:32; 无脚本无标题，分类需人工补充
767,视频号小分队,2025-11-13,,—,—,—,,—,,,4674,,,31,3,30,,0.66,0.64,D,,FALSE,FALSE,,,,,涨粉:16; 无脚本无标题，分类需人工补充
768,视频号小分队,2025-11-12,,—,—,—,,—,,,4731,,,16,0,21,,0.34,0.44,D,,FALSE,FALSE,,,,,涨粉:7; 无脚本无标题，分类需人工补充
769,视频号小分队,2025-11-11,,—,—,—,,—,,,4287,,,12,1,22,,0.28,0.51,D,,FALSE,FALSE,,,,,涨粉:12; 无脚本无标题，分类需人工补充
770,视频号小分队,2025-11-10,,—,—,—,,—,,,5158,,,32,1,39,,0.62,0.76,D,,FALSE,FALSE,,,,,涨粉:12; 无脚本无标题，分类需人工补充
771,视频号小分队,2025-11-09,,—,—,—,,—,,,4981,,,20,0,20,,0.4,0.4,D,,FALSE,FALSE,,,,,涨粉:8; 无脚本无标题，分类需人工补充
772,视频号小分队,2025-11-08,,—,—,—,,—,,,5111,,,18,0,31,,0.35,0.61,D,,FALSE,FALSE,,,,,涨粉:10; 无脚本无标题，分类需人工补充
773,视频号小分队,2025-11-07,,—,—,—,,—,,,10151,,,50,4,35,,0.49,0.34,C,,FALSE,FALSE,,,,,涨粉:28; 无脚本无标题，分类需人工补充
774,视频号小分队,2025-11-06,,—,—,—,,—,,,11123,,,45,4,33,,0.4,0.3,C,,FALSE,FALSE,,,,,涨粉:15; 无脚本无标题，分类需人工补充
775,视频号小分队,2025-11-05,,—,—,—,,—,,,14389,,,63,2,57,,0.44,0.4,C,,FALSE,FALSE,,,,,涨粉:18; 无脚本无标题，分类需人工补充
776,视频号小分队,2025-11-04,,—,—,—,,—,,,7326,,,33,2,32,,0.45,0.44,D,,FALSE,FALSE,,,,,涨粉:10; 无脚本无标题，分类需人工补充
777,视频号小分队,2025-11-03,,—,—,—,,—,,,4040,,,22,3,33,,0.54,0.82,D,,FALSE,FALSE,,,,,涨粉:3; 无脚本无标题，分类需人工补充
778,视频号小分队,2025-11-02,,—,—,—,,—,,,3172,,,9,2,3,,0.28,0.09,D,,FALSE,FALSE,,,,,涨粉:1; 无脚本无标题，分类需人工补充
779,视频号小分队,2025-11-01,,—,—,—,,—,,,4003,,,24,2,19,,0.6,0.47,D,,FALSE,FALSE,,,,,涨粉:9; 无脚本无标题，分类需人工补充
780,视频号小分队,2025-10-31,,—,—,—,,—,,,34110,,,125,5,65,,0.37,0.19,C,,FALSE,FALSE,,,,,涨粉:62; 无脚本无标题，分类需人工补充
781,视频号小分队,2025-10-30,,—,—,—,,—,,,135931,,,416,21,155,,0.31,0.11,A,,FALSE,FALSE,,,,,涨粉:118; 无脚本无标题，分类需人工补充
782,视频号小分队,2025-10-29,,—,—,—,,—,,,118701,,,711,34,359,,0.6,0.3,A,,FALSE,FALSE,,,,,涨粉:221; 无脚本无标题，分类需人工补充
783,视频号小分队,2025-10-28,,—,—,—,,—,,,245726,,,1479,68,737,,0.6,0.3,A,,FALSE,FALSE,,,,,涨粉:344; 无脚本无标题，分类需人工补充
784,视频号小分队,2025-10-27,,—,—,—,,—,,,2931,,,14,1,15,,0.48,0.51,D,,FALSE,FALSE,,,,,涨粉:4; 无脚本无标题，分类需人工补充
785,视频号小分队,2025-10-26,,—,—,—,,—,,,527,,,2,0,3,,0.38,0.57,D,,FALSE,FALSE,,,,,无脚本无标题，分类需人工补充
786,视频号小分队,2025-10-25,,—,—,—,,—,,,787,,,4,1,5,,0.51,0.64,D,,FALSE,FALSE,,,,,无脚本无标题，分类需人工补充
787,视频号小分队,2025-10-24,,—,—,—,,—,,,827,,,2,0,2,,0.24,0.24,D,,FALSE,FALSE,,,,,涨粉:1; 无脚本无标题，分类需人工补充
788,视频号小分队,2025-10-23,,—,—,—,,—,,,668,,,4,0,5,,0.6,0.75,D,,FALSE,FALSE,,,,,无脚本无标题，分类需人工补充
789,视频号小分队,2025-10-22,,—,—,—,,—,,,606,,,2,0,5,,0.33,0.83,D,,FALSE,FALSE,,,,,涨粉:2; 无脚本无标题，分类需人工补充
790,视频号小分队,2025-10-21,,—,—,—,,—,,,634,,,2,0,8,,0.32,1.26,D,,FALSE,FALSE,,,,,涨粉:2; 无脚本无标题，分类需人工补充
791,视频号小分队,2025-10-20,,—,—,—,,—,,,408,,,1,1,3,,0.25,0.74,D,,FALSE,FALSE,,,,,涨粉:3; 无脚本无标题，分类需人工补充
792,视频号小分队,2025-10-19,,—,—,—,,—,,,474,,,3,0,3,,0.63,0.63,D,,FALSE,FALSE,,,,,无脚本无标题，分类需人工补充
793,视频号小分队,2025-10-18,,—,—,—,,—,,,650,,,1,0,4,,0.15,0.62,D,,FALSE,FALSE,,,,,涨粉:2; 无脚本无标题，分类需人工补充
794,视频号小分队,2025-10-17,,—,—,—,,—,,,853,,,5,0,8,,0.59,0.94,D,,FALSE,FALSE,,,,,涨粉:1; 无脚本无标题，分类需人工补充
795,视频号小分队,2025-10-16,,—,—,—,,—,,,1008,,,4,0,6,,0.4,0.6,D,,FALSE,FALSE,,,,,涨粉:3; 无脚本无标题，分类需人工补充
796,视频号小分队,2025-10-15,,—,—,—,,—,,,1841,,,6,1,15,,0.33,0.81,D,,FALSE,FALSE,,,,,无脚本无标题，分类需人工补充
797,视频号小分队,2025-10-14,,—,—,—,,—,,,1157,,,4,4,7,,0.35,0.61,D,,FALSE,FALSE,,,,,涨粉:1; 无脚本无标题，分类需人工补充
798,视频号小分队,2025-10-13,,—,—,—,,—,,,1069,,,10,0,10,,0.94,0.94,D,,FALSE,FALSE,,,,,涨粉:5; 无脚本无标题，分类需人工补充
799,视频号小分队,2025-10-12,,—,—,—,,—,,,787,,,5,0,10,,0.64,1.27,D,,FALSE,FALSE,,,,,无脚本无标题，分类需人工补充
800,视频号小分队,2025-10-11,,—,—,—,,—,,,528,,,4,0,3,,0.76,0.57,D,,FALSE,FALSE,,,,,无脚本无标题，分类需人工补充
801,视频号小分队,2025-10-10,,—,—,—,,—,,,334,,,2,0,4,,0.6,1.2,D,,FALSE,FALSE,,,,,无脚本无标题，分类需人工补充
802,视频号小分队,2025-10-09,,—,—,—,,—,,,585,,,10,0,11,,1.71,1.88,D,,FALSE,FALSE,,,,,涨粉:3; 无脚本无标题，分类需人工补充
803,视频号小分队,2025-10-08,,—,—,—,,—,,,344,,,1,1,4,,0.29,1.16,D,,FALSE,FALSE,,,,,无脚本无标题，分类需人工补充
804,视频号小分队,2025-10-07,,—,—,—,,—,,,332,,,2,0,7,,0.6,2.11,D,,FALSE,FALSE,,,,,无脚本无标题，分类需人工补充
805,视频号小分队,2025-10-06,,—,—,—,,—,,,296,,,0,1,0,,,,D,,FALSE,FALSE,,,,,无脚本无标题，分类需人工补充
806,视频号小分队,2025-10-05,,—,—,—,,—,,,524,,,14,1,5,,2.67,0.95,D,,FALSE,FALSE,,,,,涨粉:1; 无脚本无标题，分类需人工补充
807,视频号小分队,2025-10-04,,—,—,—,,—,,,957,,,6,1,5,,0.63,0.52,D,,FALSE,FALSE,,,,,涨粉:2; 无脚本无标题，分类需人工补充
808,视频号小分队,2025-10-03,,—,—,—,,—,,,2073,,,5,1,13,,0.24,0.63,D,,FALSE,FALSE,,,,,涨粉:5; 无脚本无标题，分类需人工补充
809,视频号小分队,2025-10-02,,—,—,—,,—,,,976,,,9,1,12,,0.92,1.23,D,,FALSE,FALSE,,,,,涨粉:4; 无脚本无标题，分类需人工补充
810,视频号小分队,2025-10-01,,—,—,—,,—,,,525,,,10,0,3,,1.9,0.57,D,,FALSE,FALSE,,,,,无脚本无标题，分类需人工补充
811,视频号小分队,2025-09-30,,—,—,—,,—,,,825,,,7,1,23,,0.85,2.79,D,,FALSE,FALSE,,,,,无脚本无标题，分类需人工补充
812,视频号小分队,2025-09-29,,—,—,—,,—,,,889,,,6,0,8,,0.67,0.9,D,,FALSE,FALSE,,,,,无脚本无标题，分类需人工补充
813,视频号小分队,2025-09-28,,—,—,—,,—,,,623,,,3,2,15,,0.48,2.41,D,,FALSE,FALSE,,,,,涨粉:1; 无脚本无标题，分类需人工补充
814,视频号小分队,2025-09-27,,—,—,—,,—,,,622,,,3,0,2,,0.48,0.32,D,,FALSE,FALSE,,,,,无脚本无标题，分类需人工补充
815,视频号小分队,2025-09-26,,—,—,—,,—,,,869,,,3,1,19,,0.35,2.19,D,,FALSE,FALSE,,,,,涨粉:1; 无脚本无标题，分类需人工补充
816,视频号小分队,2025-09-25,,—,—,—,,—,,,1346,,,5,1,6,,0.37,0.45,D,,FALSE,FALSE,,,,,无脚本无标题，分类需人工补充
817,视频号小分队,2025-09-24,,—,—,—,,—,,,338,,,2,0,5,,0.59,1.48,D,,FALSE,FALSE,,,,,涨粉:3; 无脚本无标题，分类需人工补充
818,视频号小分队,2025-09-23,,—,—,—,,—,,,336,,,3,0,8,,0.89,2.38,D,,FALSE,FALSE,,,,,无脚本无标题，分类需人工补充
819,视频号小分队,2025-09-22,,—,—,—,,—,,,416,,,1,0,0,,0.24,,D,,FALSE,FALSE,,,,,涨粉:1; 无脚本无标题，分类需人工补充
820,视频号小分队,2025-09-21,,—,—,—,,—,,,981,,,2,0,3,,0.2,0.31,D,,FALSE,FALSE,,,,,涨粉:2; 无脚本无标题，分类需人工补充
821,视频号小分队,2025-09-20,,—,—,—,,—,,,1926,,,4,0,3,,0.21,0.16,D,,FALSE,FALSE,,,,,涨粉:2; 无脚本无标题，分类需人工补充
822,视频号小分队,2025-09-19,,—,—,—,,—,,,1381,,,5,0,7,,0.36,0.51,D,,FALSE,FALSE,,,,,涨粉:1; 无脚本无标题，分类需人工补充
823,视频号小分队,2025-09-18,,—,—,—,,—,,,909,,,3,0,3,,0.33,0.33,D,,FALSE,FALSE,,,,,涨粉:3; 无脚本无标题，分类需人工补充
824,视频号小分队,2025-09-17,,—,—,—,,—,,,785,,,2,0,2,,0.25,0.25,D,,FALSE,FALSE,,,,,无脚本无标题，分类需人工补充
825,视频号小分队,2025-09-16,,—,—,—,,—,,,709,,,1,1,5,,0.14,0.71,D,,FALSE,FALSE,,,,,无脚本无标题，分类需人工补充
826,视频号小分队,2025-09-15,,—,—,—,,—,,,407,,,0,0,1,,,0.25,D,,FALSE,FALSE,,,,,无脚本无标题，分类需人工补充
827,视频号小分队,2025-09-14,,—,—,—,,—,,,454,,,1,0,1,,0.22,0.22,D,,FALSE,FALSE,,,,,无脚本无标题，分类需人工补充
828,视频号小分队,2025-09-13,,—,—,—,,—,,,808,,,5,0,3,,0.62,0.37,D,,FALSE,FALSE,,,,,涨粉:1; 无脚本无标题，分类需人工补充
829,视频号小分队,2025-09-12,,—,—,—,,—,,,1014,,,2,0,2,,0.2,0.2,D,,FALSE,FALSE,,,,,无脚本无标题，分类需人工补充
830,视频号小分队,2025-09-11,,—,—,—,,—,,,901,,,2,0,3,,0.22,0.33,D,,FALSE,FALSE,,,,,涨粉:1; 无脚本无标题，分类需人工补充
831,视频号小分队,2025-09-10,,—,—,—,,—,,,845,,,5,0,1,,0.59,0.12,D,,FALSE,FALSE,,,,,无脚本无标题，分类需人工补充
832,视频号小分队,2025-09-09,,—,—,—,,—,,,1493,,,2,0,1,,0.13,0.07,D,,FALSE,FALSE,,,,,无脚本无标题，分类需人工补充
833,视频号小分队,2025-09-08,,—,—,—,,—,,,1891,,,2,0,1,,0.11,0.05,D,,FALSE,FALSE,,,,,无脚本无标题，分类需人工补充
834,视频号小分队,2025-09-07,,—,—,—,,—,,,1367,,,0,0,1,,,0.07,D,,FALSE,FALSE,,,,,无脚本无标题，分类需人工补充
835,视频号小分队,2025-09-06,,—,—,—,,—,,,2836,,,9,1,0,,0.32,,D,,FALSE,FALSE,,,,,涨粉:2; 无脚本无标题，分类需人工补充
836,视频号小分队,2025-09-05,,—,—,—,,—,,,1996,,,1,0,4,,0.05,0.2,D,,FALSE,FALSE,,,,,无脚本无标题，分类需人工补充
837,视频号小分队,2025-09-04,,—,—,—,,—,,,2381,,,5,1,6,,0.21,0.25,D,,FALSE,FALSE,,,,,无脚本无标题，分类需人工补充
838,视频号小分队,2025-09-03,,—,—,—,,—,,,7377,,,10,1,8,,0.14,0.11,D,,FALSE,FALSE,,,,,无脚本无标题，分类需人工补充
839,视频号小分队,2025-09-02,,—,—,—,,—,,,6857,,,18,4,10,,0.26,0.15,D,,FALSE,FALSE,,,,,无脚本无标题，分类需人工补充
840,视频号小分队,2025-09-01,,—,—,—,,—,,,117,,,0,0,0,,,,D,,FALSE,FALSE,,,,,无脚本无标题，分类需人工补充
841,视频号小分队,2025-08-31,,—,—,—,,—,,,206,,,0,0,0,,,,D,,FALSE,FALSE,,,,,无脚本无标题，分类需人工补充
842,视频号小分队,2025-08-30,,—,—,—,,—,,,33,,,1,0,0,,3.03,,D,,FALSE,FALSE,,,,,无脚本无标题，分类需人工补充
843,视频号小分队,2025-08-29,,—,—,—,,—,,,20,,,0,0,0,,,,D,,FALSE,FALSE,,,,,无脚本无标题，分类需人工补充
844,视频号小分队,2025-08-28,,—,—,—,,—,,,42,,,0,0,1,,,2.38,D,,FALSE,FALSE,,,,,无脚本无标题，分类需人工补充
845,视频号小分队,2025-08-27,,—,—,—,,—,,,36,,,0,0,0,,,,D,,FALSE,FALSE,,,,,无脚本无标题，分类需人工补充
846,视频号小分队,2025-08-26,,—,—,—,,—,,,77,,,0,0,0,,,,D,,FALSE,FALSE,,,,,涨粉:1; 无脚本无标题，分类需人工补充
847,视频号小分队,2025-08-25,,—,—,—,,—,,,38,,,1,0,1,,2.63,2.63,D,,FALSE,FALSE,,,,,涨粉:3; 无脚本无标题，分类需人工补充
848,视频号小分队,2025-08-24,,—,—,—,,—,,,48,,,1,0,1,,2.08,2.08,D,,FALSE,FALSE,,,,,无脚本无标题，分类需人工补充
849,视频号小分队,2025-08-23,,—,—,—,,—,,,15,,,0,0,0,,,,D,,FALSE,FALSE,,,,,无脚本无标题，分类需人工补充
850,视频号小分队,2025-08-22,,—,—,—,,—,,,50,,,0,0,1,,,2.0,D,,FALSE,FALSE,,,,,无脚本无标题，分类需人工补充
851,视频号小分队,2025-08-21,,—,—,—,,—,,,18,,,0,0,0,,,,D,,FALSE,FALSE,,,,,无脚本无标题，分类需人工补充
852,视频号小分队,2025-08-20,,—,—,—,,—,,,54,,,0,0,3,,,5.56,D,,FALSE,FALSE,,,,,无脚本无标题，分类需人工补充
853,视频号小分队,2025-08-19,,—,—,—,,—,,,26,,,0,0,2,,,7.69,D,,FALSE,FALSE,,,,,无脚本无标题，分类需人工补充
854,视频号小分队,2025-08-18,,—,—,—,,—,,,70,,,0,0,0,,,,D,,FALSE,FALSE,,,,,无脚本无标题，分类需人工补充
855,视频号小分队,2025-08-17,,—,—,—,,—,,,29,,,0,0,1,,,3.45,D,,FALSE,FALSE,,,,,无脚本无标题，分类需人工补充
856,视频号小分队,2025-08-16,,—,—,—,,—,,,20,,,0,0,0,,,,D,,FALSE,FALSE,,,,,无脚本无标题，分类需人工补充
857,视频号小分队,2025-08-15,,—,—,—,,—,,,21,,,0,0,0,,,,D,,FALSE,FALSE,,,,,无脚本无标题，分类需人工补充
858,视频号小分队,2025-08-14,,—,—,—,,—,,,26,,,0,0,0,,,,D,,FALSE,FALSE,,,,,无脚本无标题，分类需人工补充
859,视频号小分队,2025-08-13,,—,—,—,,—,,,44,,,0,0,0,,,,D,,FALSE,FALSE,,,,,无脚本无标题，分类需人工补充
860,视频号小分队,2025-08-12,,—,—,—,,—,,,43,,,0,0,4,,,9.3,D,,FALSE,FALSE,,,,,无脚本无标题，分类需人工补充
861,视频号小分队,2025-08-11,,—,—,—,,—,,,47,,,1,0,1,,2.13,2.13,D,,FALSE,FALSE,,,,,无脚本无标题，分类需人工补充
862,视频号小分队,2025-08-10,,—,—,—,,—,,,27,,,0,0,0,,,,D,,FALSE,FALSE,,,,,无脚本无标题，分类需人工补充
863,视频号小分队,2025-08-09,,—,—,—,,—,,,29,,,0,0,0,,,,D,,FALSE,FALSE,,,,,无脚本无标题，分类需人工补充
864,视频号小分队,2025-08-08,,—,—,—,,—,,,25,,,2,0,0,,8.0,,D,,FALSE,FALSE,,,,,无脚本无标题，分类需人工补充
865,视频号小分队,2025-08-07,,—,—,—,,—,,,51,,,0,0,0,,,,D,,FALSE,FALSE,,,,,无脚本无标题，分类需人工补充
866,视频号小分队,2025-08-06,,—,—,—,,—,,,30,,,1,0,2,,3.33,6.67,D,,FALSE,FALSE,,,,,无脚本无标题，分类需人工补充
867,视频号小分队,2025-08-05,,—,—,—,,—,,,80,,,0,0,3,,,3.75,D,,FALSE,FALSE,,,,,无脚本无标题，分类需人工补充
868,视频号小分队,2025-08-04,,—,—,—,,—,,,68,,,1,0,0,,1.47,,D,,FALSE,FALSE,,,,,无脚本无标题，分类需人工补充
869,视频号小分队,2025-08-03,,—,—,—,,—,,,49,,,0,0,1,,,2.04,D,,FALSE,FALSE,,,,,无脚本无标题，分类需人工补充
870,视频号小分队,2025-08-02,,—,—,—,,—,,,34,,,0,0,1,,,2.94,D,,FALSE,FALSE,,,,,无脚本无标题，分类需人工补充
871,视频号小分队,2025-08-01,,—,—,—,,—,,,46,,,1,0,1,,2.17,2.17,D,,FALSE,FALSE,,,,,无脚本无标题，分类需人工补充
872,视频号小分队,2025-07-31,,—,—,—,,—,,,54,,,0,0,0,,,,D,,FALSE,FALSE,,,,,无脚本无标题，分类需人工补充
873,视频号小分队,2025-07-30,,—,—,—,,—,,,63,,,1,0,2,,1.59,3.17,D,,FALSE,FALSE,,,,,无脚本无标题，分类需人工补充
874,视频号小分队,2025-07-29,,—,—,—,,—,,,50,,,4,0,0,,8.0,,D,,FALSE,FALSE,,,,,无脚本无标题，分类需人工补充
875,视频号小分队,2025-07-28,,—,—,—,,—,,,49,,,0,0,1,,,2.04,D,,FALSE,FALSE,,,,,无脚本无标题，分类需人工补充
876,视频号小分队,2025-07-27,,—,—,—,,—,,,29,,,0,0,1,,,3.45,D,,FALSE,FALSE,,,,,无脚本无标题，分类需人工补充
877,视频号小分队,2025-07-26,,—,—,—,,—,,,42,,,0,0,0,,,,D,,FALSE,FALSE,,,,,无脚本无标题，分类需人工补充
878,视频号小分队,2025-07-25,,—,—,—,,—,,,32,,,0,1,0,,,,D,,FALSE,FALSE,,,,,无脚本无标题，分类需人工补充
879,视频号小分队,2025-07-24,,—,—,—,,—,,,31,,,1,0,1,,3.23,3.23,D,,FALSE,FALSE,,,,,涨粉:2; 无脚本无标题，分类需人工补充
880,视频号小分队,2025-07-23,,—,—,—,,—,,,54,,,0,0,1,,,1.85,D,,FALSE,FALSE,,,,,无脚本无标题，分类需人工补充
881,视频号小分队,2025-07-22,,—,—,—,,—,,,34,,,0,0,0,,,,D,,FALSE,FALSE,,,,,无脚本无标题，分类需人工补充
882,视频号小分队,2025-07-21,,—,—,—,,—,,,135,,,0,2,2,,,1.48,D,,FALSE,FALSE,,,,,涨粉:3; 无脚本无标题，分类需人工补充
883,视频号小分队,2025-07-20,,—,—,—,,—,,,68,,,0,0,1,,,1.47,D,,FALSE,FALSE,,,,,无脚本无标题，分类需人工补充
884,视频号小分队,2025-07-19,,—,—,—,,—,,,51,,,0,0,1,,,1.96,D,,FALSE,FALSE,,,,,无脚本无标题，分类需人工补充
885,视频号小分队,2025-07-18,,—,—,—,,—,,,69,,,0,0,0,,,,D,,FALSE,FALSE,,,,,无脚本无标题，分类需人工补充
886,视频号小分队,2025-07-17,,—,—,—,,—,,,35,,,0,0,0,,,,D,,FALSE,FALSE,,,,,无脚本无标题，分类需人工补充
887,视频号小分队,2025-07-16,,—,—,—,,—,,,30,,,0,1,0,,,,D,,FALSE,FALSE,,,,,无脚本无标题，分类需人工补充
888,视频号小分队,2025-07-15,,—,—,—,,—,,,56,,,0,0,1,,,1.79,D,,FALSE,FALSE,,,,,无脚本无标题，分类需人工补充
889,视频号小分队,2025-07-14,,—,—,—,,—,,,58,,,0,0,1,,,1.72,D,,FALSE,FALSE,,,,,无脚本无标题，分类需人工补充
890,视频号小分队,2025-07-13,,—,—,—,,—,,,73,,,0,0,1,,,1.37,D,,FALSE,FALSE,,,,,无脚本无标题，分类需人工补充
891,视频号小分队,2025-07-12,,—,—,—,,—,,,36,,,0,0,1,,,2.78,D,,FALSE,FALSE,,,,,无脚本无标题，分类需人工补充
892,视频号小分队,2025-07-11,,—,—,—,,—,,,84,,,0,0,1,,,1.19,D,,FALSE,FALSE,,,,,无脚本无标题，分类需人工补充
893,视频号小分队,2025-07-10,,—,—,—,,—,,,63,,,0,0,2,,,3.17,D,,FALSE,FALSE,,,,,无脚本无标题，分类需人工补充
894,视频号小分队,2025-07-09,,—,—,—,,—,,,38,,,0,0,1,,,2.63,D,,FALSE,FALSE,,,,,无脚本无标题，分类需人工补充
895,视频号小分队,2025-07-08,,—,—,—,,—,,,45,,,0,0,0,,,,D,,FALSE,FALSE,,,,,无脚本无标题，分类需人工补充
896,视频号小分队,2025-07-07,,—,—,—,,—,,,63,,,0,0,3,,,4.76,D,,FALSE,FALSE,,,,,无脚本无标题，分类需人工补充
897,视频号小分队,2025-07-06,,—,—,—,,—,,,53,,,0,0,0,,,,D,,FALSE,FALSE,,,,,无脚本无标题，分类需人工补充
898,视频号小分队,2025-07-05,,—,—,—,,—,,,50,,,0,0,0,,,,D,,FALSE,FALSE,,,,,涨粉:1; 无脚本无标题，分类需人工补充
899,视频号小分队,2025-07-04,,—,—,—,,—,,,89,,,0,0,0,,,,D,,FALSE,FALSE,,,,,无脚本无标题，分类需人工补充
900,视频号小分队,2025-07-03,,—,—,—,,—,,,58,,,0,1,1,,,1.72,D,,FALSE,FALSE,,,,,无脚本无标题，分类需人工补充
901,视频号小分队,2025-07-02,,—,—,—,,—,,,73,,,0,0,3,,,4.11,D,,FALSE,FALSE,,,,,无脚本无标题，分类需人工补充
902,视频号小分队,2025-07-01,,—,—,—,,—,,,55,,,0,0,1,,,1.82,D,,FALSE,FALSE,,,,,无脚本无标题，分类需人工补充
903,视频号小分队,2025-06-30,,—,—,—,,—,,,50,,,0,0,1,,,2.0,D,,FALSE,FALSE,,,,,无脚本无标题，分类需人工补充
904,视频号小分队,2025-06-29,,—,—,—,,—,,,60,,,0,0,1,,,1.67,D,,FALSE,FALSE,,,,,无脚本无标题，分类需人工补充
905,视频号小分队,2025-06-28,,—,—,—,,—,,,115,,,0,0,5,,,4.35,D,,FALSE,FALSE,,,,,无脚本无标题，分类需人工补充
906,视频号小分队,2025-06-27,,—,—,—,,—,,,5756,,,28,1,26,,0.49,0.45,D,,FALSE,FALSE,,,,,涨粉:2; 无脚本无标题，分类需人工补充
907,视频号小分队,2025-06-26,,—,—,—,,—,,,5460,,,16,0,15,,0.29,0.27,D,,FALSE,FALSE,,,,,涨粉:3; 无脚本无标题，分类需人工补充
908,视频号小分队,2025-06-25,,—,—,—,,—,,,4211,,,17,0,17,,0.4,0.4,D,,FALSE,FALSE,,,,,涨粉:3; 无脚本无标题，分类需人工补充
909,视频号小分队,2025-06-24,,—,—,—,,—,,,4203,,,11,1,10,,0.26,0.24,D,,FALSE,FALSE,,,,,涨粉:7; 无脚本无标题，分类需人工补充
910,视频号小分队,2025-06-23,,—,—,—,,—,,,4679,,,24,1,20,,0.51,0.43,D,,FALSE,FALSE,,,,,涨粉:1; 无脚本无标题，分类需人工补充
911,视频号小分队,2025-06-22,,—,—,—,,—,,,3520,,,11,1,14,,0.31,0.4,D,,FALSE,FALSE,,,,,无脚本无标题，分类需人工补充
912,视频号小分队,2025-06-21,,—,—,—,,—,,,2555,,,10,0,7,,0.39,0.27,D,,FALSE,FALSE,,,,,无脚本无标题，分类需人工补充
913,视频号小分队,2025-06-20,,—,—,—,,—,,,2290,,,6,0,11,,0.26,0.48,D,,FALSE,FALSE,,,,,涨粉:1; 无脚本无标题，分类需人工补充
914,视频号小分队,2025-06-19,,—,—,—,,—,,,1537,,,6,0,1,,0.39,0.07,D,,FALSE,FALSE,,,,,涨粉:1; 无脚本无标题，分类需人工补充
915,视频号小分队,2025-06-18,,—,—,—,,—,,,1124,,,5,0,4,,0.44,0.36,D,,FALSE,FALSE,,,,,无脚本无标题，分类需人工补充
916,视频号小分队,2025-06-17,,—,—,—,,—,,,873,,,2,0,0,,0.23,,D,,FALSE,FALSE,,,,,涨粉:1; 无脚本无标题，分类需人工补充
917,视频号小分队,2025-06-16,,—,—,—,,—,,,397,,,1,0,1,,0.25,0.25,D,,FALSE,FALSE,,,,,无脚本无标题，分类需人工补充
918,视频号小分队,2025-06-15,,—,—,—,,—,,,410,,,3,0,2,,0.73,0.49,D,,FALSE,FALSE,,,,,无脚本无标题，分类需人工补充
919,视频号小分队,2025-06-14,,—,—,—,,—,,,360,,,2,0,1,,0.56,0.28,D,,FALSE,FALSE,,,,,无脚本无标题，分类需人工补充
920,视频号小分队,2025-06-13,,—,—,—,,—,,,393,,,3,0,2,,0.76,0.51,D,,FALSE,FALSE,,,,,无脚本无标题，分类需人工补充
921,视频号小分队,2025-06-12,,—,—,—,,—,,,361,,,1,0,1,,0.28,0.28,D,,FALSE,FALSE,,,,,无脚本无标题，分类需人工补充
922,视频号小分队,2025-06-11,,—,—,—,,—,,,419,,,3,0,1,,0.72,0.24,D,,FALSE,FALSE,,,,,无脚本无标题，分类需人工补充
923,视频号小分队,2025-06-10,,—,—,—,,—,,,354,,,0,0,5,,,1.41,D,,FALSE,FALSE,,,,,无脚本无标题，分类需人工补充
924,视频号小分队,2025-06-09,,—,—,—,,—,,,309,,,1,0,1,,0.32,0.32,D,,FALSE,FALSE,,,,,无脚本无标题，分类需人工补充
925,视频号小分队,2025-06-08,,—,—,—,,—,,,286,,,2,0,4,,0.7,1.4,D,,FALSE,FALSE,,,,,涨粉:1; 无脚本无标题，分类需人工补充
926,视频号小分队,2025-06-07,,—,—,—,,—,,,337,,,1,0,2,,0.3,0.59,D,,FALSE,FALSE,,,,,无脚本无标题，分类需人工补充
927,视频号小分队,2025-06-06,,—,—,—,,—,,,335,,,1,0,3,,0.3,0.9,D,,FALSE,FALSE,,,,,涨粉:1; 无脚本无标题，分类需人工补充
928,视频号小分队,2025-06-05,,—,—,—,,—,,,336,,,1,0,2,,0.3,0.6,D,,FALSE,FALSE,,,,,无脚本无标题，分类需人工补充
929,视频号小分队,2025-06-04,,—,—,—,,—,,,265,,,3,1,3,,1.13,1.13,D,,FALSE,FALSE,,,,,无脚本无标题，分类需人工补充
930,视频号小分队,2025-06-03,,—,—,—,,—,,,372,,,0,0,0,,,,D,,FALSE,FALSE,,,,,无脚本无标题，分类需人工补充
931,视频号小分队,2025-06-02,,—,—,—,,—,,,674,,,4,0,0,,0.59,,D,,FALSE,FALSE,,,,,无脚本无标题，分类需人工补充
932,视频号小分队,2025-06-01,,—,—,—,,—,,,3318,,,3,0,4,,0.09,0.12,D,,FALSE,FALSE,,,,,无脚本无标题，分类需人工补充
933,视频号小分队,2025-05-31,,—,—,—,,—,,,7303,,,17,1,7,,0.23,0.1,D,,FALSE,FALSE,,,,,无脚本无标题，分类需人工补充
934,视频号小分队,2025-05-30,,—,—,—,,—,,,399,,,1,0,0,,0.25,,D,,FALSE,FALSE,,,,,无脚本无标题，分类需人工补充
935,视频号小分队,2025-05-29,,—,—,—,,—,,,471,,,1,0,2,,0.21,0.42,D,,FALSE,FALSE,,,,,无脚本无标题，分类需人工补充
936,视频号小分队,2025-05-28,,—,—,—,,—,,,508,,,1,0,3,,0.2,0.59,D,,FALSE,FALSE,,,,,无脚本无标题，分类需人工补充
937,视频号小分队,2025-05-27,,—,—,—,,—,,,432,,,1,0,0,,0.23,,D,,FALSE,FALSE,,,,,无脚本无标题，分类需人工补充
938,视频号小分队,2025-05-26,,—,—,—,,—,,,445,,,2,1,3,,0.45,0.67,D,,FALSE,FALSE,,,,,无脚本无标题，分类需人工补充
939,视频号小分队,2025-05-25,,—,—,—,,—,,,616,,,2,1,1,,0.32,0.16,D,,FALSE,FALSE,,,,,涨粉:1; 无脚本无标题，分类需人工补充
940,视频号小分队,2025-05-24,,—,—,—,,—,,,894,,,2,0,2,,0.22,0.22,D,,FALSE,FALSE,,,,,涨粉:1; 无脚本无标题，分类需人工补充
941,视频号小分队,2025-05-23,,—,—,—,,—,,,987,,,7,0,5,,0.71,0.51,D,,FALSE,FALSE,,,,,涨粉:2; 无脚本无标题，分类需人工补充
942,视频号小分队,2025-05-22,,—,—,—,,—,,,1225,,,4,0,6,,0.33,0.49,D,,FALSE,FALSE,,,,,涨粉:3; 无脚本无标题，分类需人工补充
943,视频号小分队,2025-05-21,,—,—,—,,—,,,1382,,,3,1,1,,0.22,0.07,D,,FALSE,FALSE,,,,,无脚本无标题，分类需人工补充
944,视频号小分队,2025-05-20,,—,—,—,,—,,,1164,,,2,0,3,,0.17,0.26,D,,FALSE,FALSE,,,,,涨粉:2; 无脚本无标题，分类需人工补充
945,视频号小分队,2025-05-19,,—,—,—,,—,,,1222,,,12,0,7,,0.98,0.57,D,,FALSE,FALSE,,,,,无脚本无标题，分类需人工补充
946,视频号小分队,2025-05-18,,—,—,—,,—,,,1290,,,2,0,2,,0.16,0.16,D,,FALSE,FALSE,,,,,无脚本无标题，分类需人工补充
947,视频号小分队,2025-05-17,,—,—,—,,—,,,2240,,,9,1,9,,0.4,0.4,D,,FALSE,FALSE,,,,,无脚本无标题，分类需人工补充
948,视频号小分队,2025-05-16,,—,—,—,,—,,,1977,,,4,0,5,,0.2,0.25,D,,FALSE,FALSE,,,,,涨粉:1; 无脚本无标题，分类需人工补充
949,视频号小分队,2025-05-15,,—,—,—,,—,,,1331,,,13,0,8,,0.98,0.6,D,,FALSE,FALSE,,,,,无脚本无标题，分类需人工补充
950,视频号小分队,2025-05-14,,—,—,—,,—,,,1452,,,2,0,5,,0.14,0.34,D,,FALSE,FALSE,,,,,无脚本无标题，分类需人工补充
951,视频号小分队,2025-05-13,,—,—,—,,—,,,1333,,,7,0,7,,0.53,0.53,D,,FALSE,FALSE,,,,,无脚本无标题，分类需人工补充
952,视频号小分队,2025-05-12,,—,—,—,,—,,,1379,,,4,2,7,,0.29,0.51,D,,FALSE,FALSE,,,,,涨粉:3; 无脚本无标题，分类需人工补充
953,视频号小分队,2025-05-11,,—,—,—,,—,,,783,,,3,0,4,,0.38,0.51,D,,FALSE,FALSE,,,,,无脚本无标题，分类需人工补充
954,视频号小分队,2025-05-10,,—,—,—,,—,,,973,,,6,0,6,,0.62,0.62,D,,FALSE,FALSE,,,,,无脚本无标题，分类需人工补充
955,视频号小分队,2025-05-09,,—,—,—,,—,,,1023,,,7,0,3,,0.68,0.29,D,,FALSE,FALSE,,,,,无脚本无标题，分类需人工补充
956,视频号小分队,2025-05-08,,—,—,—,,—,,,1125,,,3,1,1,,0.27,0.09,D,,FALSE,FALSE,,,,,无脚本无标题，分类需人工补充
957,视频号小分队,2025-05-07,,—,—,—,,—,,,1030,,,5,0,1,,0.49,0.1,D,,FALSE,FALSE,,,,,无脚本无标题，分类需人工补充
958,视频号小分队,2025-05-06,,—,—,—,,—,,,1094,,,6,0,2,,0.55,0.18,D,,FALSE,FALSE,,,,,涨粉:2; 无脚本无标题，分类需人工补充
959,视频号小分队,2025-05-05,,—,—,—,,—,,,1094,,,6,0,3,,0.55,0.27,D,,FALSE,FALSE,,,,,涨粉:2; 无脚本无标题，分类需人工补充
960,视频号小分队,2025-05-04,,—,—,—,,—,,,742,,,3,0,2,,0.4,0.27,D,,FALSE,FALSE,,,,,无脚本无标题，分类需人工补充
961,视频号小分队,2025-05-03,,—,—,—,,—,,,798,,,5,0,4,,0.63,0.5,D,,FALSE,FALSE,,,,,涨粉:1; 无脚本无标题，分类需人工补充
962,视频号小分队,2025-05-02,,—,—,—,,—,,,817,,,5,1,4,,0.61,0.49,D,,FALSE,FALSE,,,,,无脚本无标题，分类需人工补充
963,视频号小分队,2025-05-01,,—,—,—,,—,,,1070,,,5,1,4,,0.47,0.37,D,,FALSE,FALSE,,,,,无脚本无标题，分类需人工补充
964,视频号小分队,2025-04-30,,—,—,—,,—,,,1508,,,6,0,6,,0.4,0.4,D,,FALSE,FALSE,,,,,涨粉:1; 无脚本无标题，分类需人工补充
965,视频号小分队,2025-04-29,,—,—,—,,—,,,1637,,,23,0,6,,1.41,0.37,D,,FALSE,FALSE,,,,,涨粉:1; 无脚本无标题，分类需人工补充
966,视频号小分队,2025-04-28,,—,—,—,,—,,,1686,,,8,1,15,,0.47,0.89,D,,FALSE,FALSE,,,,,涨粉:2; 无脚本无标题，分类需人工补充
967,视频号小分队,2025-04-27,,—,—,—,,—,,,1371,,,2,1,1,,0.15,0.07,D,,FALSE,FALSE,,,,,无脚本无标题，分类需人工补充
968,视频号小分队,2025-04-26,,—,—,—,,—,,,1562,,,3,0,10,,0.19,0.64,D,,FALSE,FALSE,,,,,无脚本无标题，分类需人工补充
969,视频号小分队,2025-04-25,,—,—,—,,—,,,1851,,,0,0,6,,,0.32,D,,FALSE,FALSE,,,,,无脚本无标题，分类需人工补充
970,视频号小分队,2025-04-24,,—,—,—,,—,,,2757,,,4,0,7,,0.15,0.25,D,,FALSE,FALSE,,,,,涨粉:2; 无脚本无标题，分类需人工补充
971,视频号小分队,2025-04-23,,—,—,—,,—,,,2661,,,11,0,11,,0.41,0.41,D,,FALSE,FALSE,,,,,无脚本无标题，分类需人工补充
972,视频号小分队,2025-04-22,,—,—,—,,—,,,2215,,,10,0,8,,0.45,0.36,D,,FALSE,FALSE,,,,,无脚本无标题，分类需人工补充
973,视频号小分队,2025-04-21,,—,—,—,,—,,,1974,,,4,1,7,,0.2,0.35,D,,FALSE,FALSE,,,,,无脚本无标题，分类需人工补充
974,视频号小分队,2025-04-20,,—,—,—,,—,,,1574,,,2,0,9,,0.13,0.57,D,,FALSE,FALSE,,,,,涨粉:1; 无脚本无标题，分类需人工补充
975,视频号小分队,2025-04-19,,—,—,—,,—,,,1673,,,2,0,3,,0.12,0.18,D,,FALSE,FALSE,,,,,无脚本无标题，分类需人工补充
976,视频号小分队,2025-04-18,,—,—,—,,—,,,1706,,,7,1,10,,0.41,0.59,D,,FALSE,FALSE,,,,,无脚本无标题，分类需人工补充
977,视频号小分队,2025-04-17,,—,—,—,,—,,,1957,,,3,0,4,,0.15,0.2,D,,FALSE,FALSE,,,,,无脚本无标题，分类需人工补充
978,视频号小分队,2025-04-16,,—,—,—,,—,,,1555,,,3,0,2,,0.19,0.13,D,,FALSE,FALSE,,,,,涨粉:1; 无脚本无标题，分类需人工补充
979,视频号小分队,2025-04-15,,—,—,—,,—,,,1354,,,1,0,1,,0.07,0.07,D,,FALSE,FALSE,,,,,无脚本无标题，分类需人工补充
980,视频号小分队,2025-04-14,,—,—,—,,—,,,1378,,,3,0,5,,0.22,0.36,D,,FALSE,FALSE,,,,,无脚本无标题，分类需人工补充
981,视频号小分队,2025-04-13,,—,—,—,,—,,,1092,,,1,0,7,,0.09,0.64,D,,FALSE,FALSE,,,,,无脚本无标题，分类需人工补充
982,视频号小分队,2025-04-12,,—,—,—,,—,,,1242,,,2,0,7,,0.16,0.56,D,,FALSE,FALSE,,,,,无脚本无标题，分类需人工补充
983,视频号小分队,2025-04-11,,—,—,—,,—,,,1323,,,5,0,3,,0.38,0.23,D,,FALSE,FALSE,,,,,无脚本无标题，分类需人工补充
984,视频号小分队,2025-04-10,,—,—,—,,—,,,3027,,,7,4,5,,0.23,0.17,D,,FALSE,FALSE,,,,,无脚本无标题，分类需人工补充
985,视频号小分队,2025-04-09,,—,—,—,,—,,,2934,,,8,1,7,,0.27,0.24,D,,FALSE,FALSE,,,,,无脚本无标题，分类需人工补充
986,视频号小分队,2025-04-08,,—,—,—,,—,,,1331,,,2,0,10,,0.15,0.75,D,,FALSE,FALSE,,,,,无脚本无标题，分类需人工补充
987,视频号小分队,2025-04-07,,—,—,—,,—,,,1421,,,7,1,3,,0.49,0.21,D,,FALSE,FALSE,,,,,涨粉:2; 无脚本无标题，分类需人工补充
988,视频号小分队,2025-04-06,,—,—,—,,—,,,1425,,,3,1,6,,0.21,0.42,D,,FALSE,FALSE,,,,,无脚本无标题，分类需人工补充
989,视频号小分队,2025-04-05,,—,—,—,,—,,,1467,,,5,0,6,,0.34,0.41,D,,FALSE,FALSE,,,,,无脚本无标题，分类需人工补充
990,视频号小分队,2025-04-04,,—,—,—,,—,,,1476,,,6,1,3,,0.41,0.2,D,,FALSE,FALSE,,,,,涨粉:1; 无脚本无标题，分类需人工补充
991,视频号小分队,2025-04-03,,—,—,—,,—,,,2301,,,4,0,10,,0.17,0.43,D,,FALSE,FALSE,,,,,无脚本无标题，分类需人工补充
992,视频号小分队,2025-04-02,,—,—,—,,—,,,2453,,,16,0,10,,0.65,0.41,D,,FALSE,FALSE,,,,,涨粉:2; 无脚本无标题，分类需人工补充
993,视频号小分队,2025-04-01,,—,—,—,,—,,,2656,,,9,0,12,,0.34,0.45,D,,FALSE,FALSE,,,,,涨粉:1; 无脚本无标题，分类需人工补充
994,视频号小分队,2025-03-31,,—,—,—,,—,,,4109,,,14,0,19,,0.34,0.46,D,,FALSE,FALSE,,,,,无脚本无标题，分类需人工补充
995,视频号小分队,2025-03-30,,—,—,—,,—,,,2746,,,8,0,10,,0.29,0.36,D,,FALSE,FALSE,,,,,涨粉:1; 无脚本无标题，分类需人工补充
996,视频号小分队,2025-03-29,,—,—,—,,—,,,3297,,,10,0,13,,0.3,0.39,D,,FALSE,FALSE,,,,,涨粉:1; 无脚本无标题，分类需人工补充
997,视频号小分队,2025-03-28,,—,—,—,,—,,,3682,,,16,0,15,,0.43,0.41,D,,FALSE,FALSE,,,,,涨粉:1; 无脚本无标题，分类需人工补充
998,视频号小分队,2025-03-27,,—,—,—,,—,,,3596,,,9,0,25,,0.25,0.7,D,,FALSE,FALSE,,,,,无脚本无标题，分类需人工补充
999,视频号小分队,2025-03-26,,—,—,—,,—,,,4655,,,14,2,20,,0.3,0.43,D,,FALSE,FALSE,,,,,涨粉:7; 无脚本无标题，分类需人工补充
1000,视频号小分队,2025-03-25,,—,—,—,,—,,,5337,,,21,6,16,,0.39,0.3,D,,FALSE,FALSE,,,,,涨粉:1; 无脚本无标题，分类需人工补充
1001,视频号小分队,2025-03-24,,—,—,—,,—,,,2813,,,0,1,11,,,0.39,D,,FALSE,FALSE,,,,,无脚本无标题，分类需人工补充
1002,视频号小分队,2025-03-23,,—,—,—,,—,,,2293,,,7,0,7,,0.31,0.31,D,,FALSE,FALSE,,,,,无脚本无标题，分类需人工补充
1003,视频号小分队,2025-03-22,,—,—,—,,—,,,1987,,,0,0,2,,,0.1,D,,FALSE,FALSE,,,,,无脚本无标题，分类需人工补充
1004,视频号小分队,2025-03-21,,—,—,—,,—,,,2803,,,5,0,11,,0.18,0.39,D,,FALSE,FALSE,,,,,无脚本无标题，分类需人工补充
1005,视频号小分队,2025-03-20,,—,—,—,,—,,,2274,,,6,1,7,,0.26,0.31,D,,FALSE,FALSE,,,,,无脚本无标题，分类需人工补充
1006,视频号小分队,2025-03-19,,—,—,—,,—,,,3250,,,11,0,17,,0.34,0.52,D,,FALSE,FALSE,,,,,无脚本无标题，分类需人工补充
1007,视频号小分队,2025-03-18,,—,—,—,,—,,,3180,,,28,2,13,,0.88,0.41,D,,FALSE,FALSE,,,,,无脚本无标题，分类需人工补充
1008,视频号小分队,2025-03-17,,—,—,—,,—,,,3440,,,6,3,10,,0.17,0.29,D,,FALSE,FALSE,,,,,无脚本无标题，分类需人工补充
1009,视频号小分队,2025-03-16,,—,—,—,,—,,,13394,,,28,10,35,,0.21,0.26,C,,FALSE,FALSE,,,,,涨粉:12; 无脚本无标题，分类需人工补充
1010,视频号小分队,2025-03-15,,—,—,—,,—,,,28917,,,69,15,49,,0.24,0.17,C,,FALSE,FALSE,,,,,涨粉:13; 无脚本无标题，分类需人工补充
1011,视频号小分队,2025-03-14,,—,—,—,,—,,,2769,,,14,2,21,,0.51,0.76,D,,FALSE,FALSE,,,,,无脚本无标题，分类需人工补充
1012,视频号小分队,2025-03-13,,—,—,—,,—,,,3332,,,16,0,17,,0.48,0.51,D,,FALSE,FALSE,,,,,涨粉:2; 无脚本无标题，分类需人工补充
1013,视频号小分队,2025-03-12,,—,—,—,,—,,,2225,,,10,1,12,,0.45,0.54,D,,FALSE,FALSE,,,,,无脚本无标题，分类需人工补充
1014,视频号小分队,2025-03-11,,—,—,—,,—,,,2643,,,17,2,14,,0.64,0.53,D,,FALSE,FALSE,,,,,涨粉:5; 无脚本无标题，分类需人工补充
1015,视频号小分队,2025-03-10,,—,—,—,,—,,,3657,,,14,1,22,,0.38,0.6,D,,FALSE,FALSE,,,,,涨粉:3; 无脚本无标题，分类需人工补充
1016,视频号小分队,2025-03-09,,—,—,—,,—,,,5261,,,13,2,36,,0.25,0.68,D,,FALSE,FALSE,,,,,涨粉:4; 无脚本无标题，分类需人工补充
1017,视频号小分队,2025-03-08,,—,—,—,,—,,,6683,,,26,0,10,,0.39,0.15,D,,FALSE,FALSE,,,,,涨粉:4; 无脚本无标题，分类需人工补充
1018,视频号小分队,2025-03-07,,—,—,—,,—,,,8766,,,28,6,40,,0.32,0.46,D,,FALSE,FALSE,,,,,涨粉:7; 无脚本无标题，分类需人工补充
1019,视频号小分队,2025-03-06,,—,—,—,,—,,,22016,,,66,4,81,,0.3,0.37,C,,FALSE,FALSE,,,,,涨粉:11; 无脚本无标题，分类需人工补充
1020,视频号小分队,2025-03-05,,—,—,—,,—,,,24741,,,96,2,67,,0.39,0.27,C,,FALSE,FALSE,,,,,涨粉:19; 无脚本无标题，分类需人工补充
1021,视频号小分队,2025-03-04,,—,—,—,,—,,,161489,,,559,26,473,,0.35,0.29,A,,FALSE,FALSE,,,,,涨粉:117; 无脚本无标题，分类需人工补充
1022,视频号小分队,2025-03-03,,—,—,—,,—,,,16578,,,40,4,88,,0.24,0.53,C,,FALSE,FALSE,,,,,涨粉:5; 无脚本无标题，分类需人工补充
1023,视频号小分队,2025-03-02,,—,—,—,,—,,,6018,,,24,2,27,,0.4,0.45,D,,FALSE,FALSE,,,,,涨粉:3; 无脚本无标题，分类需人工补充
1024,视频号小分队,2025-03-01,,—,—,—,,—,,,7789,,,30,0,26,,0.39,0.33,D,,FALSE,FALSE,,,,,涨粉:3; 无脚本无标题，分类需人工补充
1025,视频号小分队,2025-02-28,,—,—,—,,—,,,12599,,,39,4,40,,0.31,0.32,C,,FALSE,FALSE,,,,,涨粉:9; 无脚本无标题，分类需人工补充
1026,视频号小分队,2025-02-27,,—,—,—,,—,,,12347,,,31,0,47,,0.25,0.38,C,,FALSE,FALSE,,,,,涨粉:7; 无脚本无标题，分类需人工补充
1027,视频号小分队,2025-02-26,,—,—,—,,—,,,11591,,,26,4,37,,0.22,0.32,C,,FALSE,FALSE,,,,,涨粉:9; 无脚本无标题，分类需人工补充
1028,视频号小分队,2025-02-25,,—,—,—,,—,,,9385,,,18,1,28,,0.19,0.3,D,,FALSE,FALSE,,,,,涨粉:9; 无脚本无标题，分类需人工补充
1029,视频号小分队,2025-02-24,,—,—,—,,—,,,8696,,,18,3,25,,0.21,0.29,D,,FALSE,FALSE,,,,,涨粉:8; 无脚本无标题，分类需人工补充
1030,视频号小分队,2025-02-23,,—,—,—,,—,,,3410,,,6,0,13,,0.18,0.38,D,,FALSE,FALSE,,,,,涨粉:1; 无脚本无标题，分类需人工补充
1031,视频号小分队,2025-02-22,,—,—,—,,—,,,2494,,,4,0,4,,0.16,0.16,D,,FALSE,FALSE,,,,,无脚本无标题，分类需人工补充
1032,视频号小分队,2025-02-21,,—,—,—,,—,,,2009,,,3,1,6,,0.15,0.3,D,,FALSE,FALSE,,,,,涨粉:1; 无脚本无标题，分类需人工补充
1033,视频号小分队,2025-02-20,,—,—,—,,—,,,1444,,,6,0,2,,0.42,0.14,D,,FALSE,FALSE,,,,,涨粉:2; 无脚本无标题，分类需人工补充
1034,视频号小分队,2025-02-19,,—,—,—,,—,,,1393,,,8,0,7,,0.57,0.5,D,,FALSE,FALSE,,,,,涨粉:1; 无脚本无标题，分类需人工补充
1035,视频号小分队,2025-02-18,,—,—,—,,—,,,1085,,,3,0,3,,0.28,0.28,D,,FALSE,FALSE,,,,,无脚本无标题，分类需人工补充
1036,视频号小分队,2025-02-17,,—,—,—,,—,,,856,,,2,0,5,,0.23,0.58,D,,FALSE,FALSE,,,,,无脚本无标题，分类需人工补充
1037,视频号小分队,2025-02-16,,—,—,—,,—,,,1126,,,7,0,1,,0.62,0.09,D,,FALSE,FALSE,,,,,无脚本无标题，分类需人工补充
1038,视频号小分队,2025-02-15,,—,—,—,,—,,,2074,,,9,1,9,,0.43,0.43,D,,FALSE,FALSE,,,,,无脚本无标题，分类需人工补充
1039,视频号小分队,2025-02-14,,—,—,—,,—,,,494,,,0,3,1,,,0.2,D,,FALSE,FALSE,,,,,无脚本无标题，分类需人工补充
1040,视频号小分队,2025-02-13,,—,—,—,,—,,,697,,,0,0,1,,,0.14,D,,FALSE,FALSE,,,,,涨粉:2; 无脚本无标题，分类需人工补充
1041,视频号小分队,2025-02-12,,—,—,—,,—,,,829,,,5,1,5,,0.6,0.6,D,,FALSE,FALSE,,,,,无脚本无标题，分类需人工补充
1042,视频号小分队,2025-02-11,,—,—,—,,—,,,1247,,,4,2,3,,0.32,0.24,D,,FALSE,FALSE,,,,,无脚本无标题，分类需人工补充
1043,视频号小分队,2025-02-10,,—,—,—,,—,,,1584,,,8,0,6,,0.51,0.38,D,,FALSE,FALSE,,,,,无脚本无标题，分类需人工补充
1044,视频号小分队,2025-02-09,,—,—,—,,—,,,949,,,5,0,4,,0.53,0.42,D,,FALSE,FALSE,,,,,无脚本无标题，分类需人工补充
1045,视频号小分队,2025-02-08,,—,—,—,,—,,,1175,,,3,0,4,,0.26,0.34,D,,FALSE,FALSE,,,,,无脚本无标题，分类需人工补充
1046,视频号小分队,2025-02-07,,—,—,—,,—,,,1815,,,3,1,6,,0.17,0.33,D,,FALSE,FALSE,,,,,涨粉:2; 无脚本无标题，分类需人工补充
1047,视频号小分队,2025-02-06,,—,—,—,,—,,,14081,,,21,8,20,,0.15,0.14,C,,FALSE,FALSE,,,,,涨粉:7; 无脚本无标题，分类需人工补充
1048,视频号小分队,2025-02-05,,—,—,—,,—,,,6252,,,18,1,20,,0.29,0.32,D,,FALSE,FALSE,,,,,无脚本无标题，分类需人工补充
1049,视频号小分队,2025-02-04,,—,—,—,,—,,,13245,,,29,2,23,,0.22,0.17,C,,FALSE,FALSE,,,,,涨粉:7; 无脚本无标题，分类需人工补充
1050,视频号小分队,2025-02-03,,—,—,—,,—,,,127773,,,373,24,215,,0.29,0.17,A,,FALSE,FALSE,,,,,涨粉:161; 无脚本无标题，分类需人工补充
1051,视频号小分队,2025-02-02,,—,—,—,,—,,,200047,,,397,33,254,,0.2,0.13,A,,FALSE,FALSE,,,,,涨粉:236; 无脚本无标题，分类需人工补充
1052,视频号小分队,2025-02-01,,—,—,—,,—,,,17613,,,28,5,12,,0.16,0.07,C,,FALSE,FALSE,,,,,涨粉:21; 无脚本无标题，分类需人工补充
1053,视频号小分队,2025-01-31,,—,—,—,,—,,,10483,,,28,6,13,,0.27,0.12,C,,FALSE,FALSE,,,,,涨粉:22; 无脚本无标题，分类需人工补充
1054,视频号小分队,2025-01-30,,—,—,—,,—,,,6011,,,13,3,10,,0.22,0.17,D,,FALSE,FALSE,,,,,涨粉:5; 无脚本无标题，分类需人工补充
1055,视频号小分队,2025-01-29,,—,—,—,,—,,,3949,,,21,3,12,,0.53,0.3,D,,FALSE,FALSE,,,,,涨粉:11; 无脚本无标题，分类需人工补充
1056,视频号小分队,2025-01-28,,—,—,—,,—,,,4514,,,15,1,4,,0.33,0.09,D,,FALSE,FALSE,,,,,涨粉:1; 无脚本无标题，分类需人工补充
1057,视频号小分队,2025-01-27,,—,—,—,,—,,,4520,,,11,1,7,,0.24,0.15,D,,FALSE,FALSE,,,,,涨粉:11; 无脚本无标题，分类需人工补充
1058,视频号小分队,2025-01-26,,—,—,—,,—,,,4670,,,14,0,9,,0.3,0.19,D,,FALSE,FALSE,,,,,涨粉:6; 无脚本无标题，分类需人工补充
1059,视频号小分队,2025-01-25,,—,—,—,,—,,,3711,,,16,2,20,,0.43,0.54,D,,FALSE,FALSE,,,,,无脚本无标题，分类需人工补充
1060,视频号小分队,2025-01-24,,—,—,—,,—,,,2074,,,10,0,12,,0.48,0.58,D,,FALSE,FALSE,,,,,无脚本无标题，分类需人工补充
1061,视频号小分队,2025-01-23,,—,—,—,,—,,,1433,,,7,2,3,,0.49,0.21,D,,FALSE,FALSE,,,,,无脚本无标题，分类需人工补充
1062,视频号小分队,2025-01-22,,—,—,—,,—,,,1367,,,3,0,18,,0.22,1.32,D,,FALSE,FALSE,,,,,涨粉:3; 无脚本无标题，分类需人工补充
1063,视频号小分队,2025-01-21,,—,—,—,,—,,,1074,,,6,0,3,,0.56,0.28,D,,FALSE,FALSE,,,,,无脚本无标题，分类需人工补充
1064,视频号小分队,2025-01-20,,—,—,—,,—,,,865,,,0,0,2,,,0.23,D,,FALSE,FALSE,,,,,涨粉:1; 无脚本无标题，分类需人工补充
1065,视频号小分队,2025-01-19,,—,—,—,,—,,,884,,,2,0,8,,0.23,0.9,D,,FALSE,FALSE,,,,,涨粉:1; 无脚本无标题，分类需人工补充
1066,视频号小分队,2025-01-18,,—,—,—,,—,,,1265,,,12,1,3,,0.95,0.24,D,,FALSE,FALSE,,,,,涨粉:3; 无脚本无标题，分类需人工补充
1067,视频号小分队,2025-01-17,,—,—,—,,—,,,2973,,,24,0,31,,0.81,1.04,D,,FALSE,FALSE,,,,,涨粉:1; 无脚本无标题，分类需人工补充
1068,视频号小分队,2025-01-16,,—,—,—,,—,,,5554,,,148,2,34,,2.66,0.61,D,,FALSE,FALSE,,,,,涨粉:18; 无脚本无标题，分类需人工补充
1069,视频号小分队,2025-01-15,,—,—,—,,—,,,5718,,,165,4,32,,2.89,0.56,D,,FALSE,FALSE,,,,,涨粉:21; 无脚本无标题，分类需人工补充
1070,视频号小分队,2025-01-14,,—,—,—,,—,,,7377,,,140,6,37,,1.9,0.5,D,,FALSE,FALSE,,,,,涨粉:17; 无脚本无标题，分类需人工补充
1071,视频号小分队,2025-01-13,,—,—,—,,—,,,8098,,,205,0,35,,2.53,0.43,D,,FALSE,FALSE,,,,,涨粉:19; 无脚本无标题，分类需人工补充
1072,视频号小分队,2025-01-12,,—,—,—,,—,,,13100,,,128,8,30,,0.98,0.23,C,,FALSE,FALSE,,,,,涨粉:18; 无脚本无标题，分类需人工补充
1073,视频号小分队,2025-01-11,,—,—,—,,—,,,23149,,,118,4,42,,0.51,0.18,C,,FALSE,FALSE,,,,,涨粉:11; 无脚本无标题，分类需人工补充
1074,视频号小分队,2025-01-10,,—,—,—,,—,,,103762,,,399,12,177,,0.38,0.17,A,,FALSE,FALSE,,,,,涨粉:62; 无脚本无标题，分类需人工补充
1075,视频号小分队,2025-01-09,,—,—,—,,—,,,124068,,,124,22,134,,0.1,0.11,A,,FALSE,FALSE,,,,,涨粉:41; 无脚本无标题，分类需人工补充
1076,视频号小分队,2025-01-08,,—,—,—,,—,,,581,,,8,0,5,,1.38,0.86,D,,FALSE,FALSE,,,,,涨粉:2; 无脚本无标题，分类需人工补充
1077,视频号小分队,2025-01-07,,—,—,—,,—,,,531,,,4,3,3,,0.75,0.56,D,,FALSE,FALSE,,,,,无脚本无标题，分类需人工补充
1078,视频号小分队,2025-01-06,,—,—,—,,—,,,563,,,10,0,1,,1.78,0.18,D,,FALSE,FALSE,,,,,涨粉:1; 无脚本无标题，分类需人工补充
1079,视频号小分队,2025-01-05,,—,—,—,,—,,,682,,,6,0,2,,0.88,0.29,D,,FALSE,FALSE,,,,,无脚本无标题，分类需人工补充
1080,视频号小分队,2025-01-04,,—,—,—,,—,,,1571,,,7,0,9,,0.45,0.57,D,,FALSE,FALSE,,,,,无脚本无标题，分类需人工补充
1081,视频号小分队,2025-01-03,,—,—,—,,—,,,3921,,,19,2,15,,0.48,0.38,D,,FALSE,FALSE,,,,,无脚本无标题，分类需人工补充
1082,视频号小分队,2025-01-02,,—,—,—,,—,,,680,,,1,1,6,,0.15,0.88,D,,FALSE,FALSE,,,,,涨粉:3; 无脚本无标题，分类需人工补充
1083,视频号小分队,2025-01-01,,—,—,—,,—,,,626,,,5,1,4,,0.8,0.64,D,,FALSE,FALSE,,,,,无脚本无标题，分类需人工补充
1084,视频号小分队,2024-12-31,,—,—,—,,—,,,581,,,6,1,0,,1.03,,D,,FALSE,FALSE,,,,,无脚本无标题，分类需人工补充
1085,视频号小分队,2024-12-30,,—,—,—,,—,,,618,,,7,1,7,,1.13,1.13,D,,FALSE,FALSE,,,,,无脚本无标题，分类需人工补充
1086,视频号小分队,2024-12-29,,—,—,—,,—,,,586,,,4,2,5,,0.68,0.85,D,,FALSE,FALSE,,,,,无脚本无标题，分类需人工补充
1087,视频号小分队,2024-12-28,,—,—,—,,—,,,578,,,2,1,1,,0.35,0.17,D,,FALSE,FALSE,,,,,无脚本无标题，分类需人工补充
1088,视频号小分队,2024-12-27,,—,—,—,,—,,,680,,,2,0,9,,0.29,1.32,D,,FALSE,FALSE,,,,,无脚本无标题，分类需人工补充
1089,视频号小分队,2024-12-26,,—,—,—,,—,,,510,,,1,0,2,,0.2,0.39,D,,FALSE,FALSE,,,,,无脚本无标题，分类需人工补充
1090,视频号小分队,2024-12-25,,—,—,—,,—,,,598,,,3,0,5,,0.5,0.84,D,,FALSE,FALSE,,,,,无脚本无标题，分类需人工补充
1091,视频号小分队,2024-12-24,,—,—,—,,—,,,553,,,1,0,5,,0.18,0.9,D,,FALSE,FALSE,,,,,无脚本无标题，分类需人工补充
1092,视频号小分队,2024-12-23,,—,—,—,,—,,,1002,,,3,0,3,,0.3,0.3,D,,FALSE,FALSE,,,,,无脚本无标题，分类需人工补充
1093,视频号小分队,2024-12-22,,—,—,—,,—,,,1964,,,8,2,6,,0.41,0.31,D,,FALSE,FALSE,,,,,无脚本无标题，分类需人工补充
1094,视频号小分队,2024-12-21,,—,—,—,,—,,,2636,,,15,2,16,,0.57,0.61,D,,FALSE,FALSE,,,,,涨粉:4; 无脚本无标题，分类需人工补充
1095,视频号小分队,2024-12-20,,—,—,—,,—,,,3283,,,18,3,11,,0.55,0.34,D,,FALSE,FALSE,,,,,涨粉:2; 无脚本无标题，分类需人工补充
1096,视频号小分队,2024-12-19,,—,—,—,,—,,,4620,,,15,8,10,,0.32,0.22,D,,FALSE,FALSE,,,,,涨粉:3; 无脚本无标题，分类需人工补充
1097,视频号小分队,2024-12-18,,—,—,—,,—,,,543,,,4,1,15,,0.74,2.76,D,,FALSE,FALSE,,,,,无脚本无标题，分类需人工补充
1098,视频号小分队,2024-12-17,,—,—,—,,—,,,549,,,2,0,10,,0.36,1.82,D,,FALSE,FALSE,,,,,无脚本无标题，分类需人工补充
1099,视频号小分队,2024-12-16,,—,—,—,,—,,,518,,,5,1,10,,0.97,1.93,D,,FALSE,FALSE,,,,,涨粉:5; 无脚本无标题，分类需人工补充
1100,视频号小分队,2024-12-15,,—,—,—,,—,,,410,,,0,0,2,,,0.49,D,,FALSE,FALSE,,,,,无脚本无标题，分类需人工补充
1101,视频号小分队,2024-12-14,,—,—,—,,—,,,346,,,1,1,6,,0.29,1.73,D,,FALSE,FALSE,,,,,无脚本无标题，分类需人工补充
1102,视频号小分队,2024-12-13,,—,—,—,,—,,,401,,,2,0,6,,0.5,1.5,D,,FALSE,FALSE,,,,,无脚本无标题，分类需人工补充
1103,视频号小分队,2024-12-12,,—,—,—,,—,,,719,,,5,3,5,,0.7,0.7,D,,FALSE,FALSE,,,,,无脚本无标题，分类需人工补充
1104,视频号小分队,2024-12-11,,—,—,—,,—,,,1391,,,10,1,4,,0.72,0.29,D,,FALSE,FALSE,,,,,无脚本无标题，分类需人工补充
1105,视频号小分队,2024-12-10,,—,—,—,,—,,,2789,,,16,4,20,,0.57,0.72,D,,FALSE,FALSE,,,,,无脚本无标题，分类需人工补充
1106,视频号小分队,2024-12-09,,—,—,—,,—,,,2775,,,18,5,14,,0.65,0.5,D,,FALSE,FALSE,,,,,涨粉:3; 无脚本无标题，分类需人工补充
1107,视频号小分队,2024-12-08,,—,—,—,,—,,,584,,,4,1,21,,0.68,3.6,D,,FALSE,FALSE,,,,,无脚本无标题，分类需人工补充
1108,视频号小分队,2024-12-07,,—,—,—,,—,,,544,,,2,1,6,,0.37,1.1,D,,FALSE,FALSE,,,,,涨粉:1; 无脚本无标题，分类需人工补充
1109,视频号小分队,2024-12-06,,—,—,—,,—,,,853,,,21,0,7,,2.46,0.82,D,,FALSE,FALSE,,,,,涨粉:8; 无脚本无标题，分类需人工补充
1110,视频号小分队,2024-12-05,,—,—,—,,—,,,1458,,,92,4,23,,6.31,1.58,D,,FALSE,FALSE,,,,,涨粉:13; 无脚本无标题，分类需人工补充
1111,视频号小分队,2024-12-04,,—,—,—,,—,,,2096,,,120,6,38,,5.73,1.81,D,,FALSE,FALSE,,,,,涨粉:37; 无脚本无标题，分类需人工补充
1112,视频号小分队,2024-12-03,,—,—,—,,—,,,3349,,,137,7,26,,4.09,0.78,D,,FALSE,FALSE,,,,,涨粉:30; 无脚本无标题，分类需人工补充
1113,视频号小分队,2024-12-02,,—,—,—,,—,,,5544,,,268,13,86,,4.83,1.55,D,,FALSE,FALSE,,,,,涨粉:60; 无脚本无标题，分类需人工补充
1114,视频号小分队,2024-12-01,,—,—,—,,—,,,44819,,,214,19,208,,0.48,0.46,C,,FALSE,FALSE,,,,,涨粉:154; 无脚本无标题，分类需人工补充
1115,视频号小分队,2024-11-30,,—,—,—,,—,,,7523,,,27,5,24,,0.36,0.32,D,,FALSE,FALSE,,,,,涨粉:10; 无脚本无标题，分类需人工补充
1116,视频号小分队,2024-11-29,,—,—,—,,—,,,796,,,2,1,7,,0.25,0.88,D,,FALSE,FALSE,,,,,涨粉:3; 无脚本无标题，分类需人工补充
1117,视频号小分队,2024-11-28,,—,—,—,,—,,,3459,,,8,3,11,,0.23,0.32,D,,FALSE,FALSE,,,,,无脚本无标题，分类需人工补充
1118,视频号小分队,2024-11-27,,—,—,—,,—,,,2763,,,8,0,0,,0.29,,D,,FALSE,FALSE,,,,,涨粉:1; 无脚本无标题，分类需人工补充
1119,视频号小分队,2024-11-26,,—,—,—,,—,,,1113,,,5,0,7,,0.45,0.63,D,,FALSE,FALSE,,,,,涨粉:3; 无脚本无标题，分类需人工补充
1120,视频号小分队,2024-11-25,,—,—,—,,—,,,1155,,,7,0,10,,0.61,0.87,D,,FALSE,FALSE,,,,,涨粉:2; 无脚本无标题，分类需人工补充
1121,视频号小分队,2024-11-24,,—,—,—,,—,,,1018,,,3,1,7,,0.29,0.69,D,,FALSE,FALSE,,,,,无脚本无标题，分类需人工补充
